{
  "ABIRoot": {
    "kind": "Root",
    "name": "TopLevel",
    "printedName": "TopLevel",
    "children": [
      {
        "kind": "Import",
        "name": "Foundation",
        "printedName": "Foundation",
        "declKind": "Import",
        "moduleName": "NuveiCashierHelper"
      },
      {
        "kind": "Import",
        "name": "Foundation",
        "printedName": "Foundation",
        "declKind": "Import",
        "moduleName": "NuveiCashierHelper"
      },
      {
        "kind": "Import",
        "name": "Foundation",
        "printedName": "Foundation",
        "declKind": "Import",
        "moduleName": "NuveiCashierHelper",
        "declAttributes": [
          "RawDocComment"
        ]
      },
      {
        "kind": "Import",
        "name": "WebKit",
        "printedName": "WebKit",
        "declKind": "Import",
        "moduleName": "NuveiCashierHelper"
      },
      {
        "kind": "Import",
        "name": "AVFoundation",
        "printedName": "AVFoundation",
        "declKind": "Import",
        "moduleName": "NuveiCashierHelper"
      },
      {
        "kind": "Import",
        "name": "CodeScanner",
        "printedName": "CodeScanner",
        "declKind": "Import",
        "moduleName": "NuveiCashierHelper"
      },
      {
        "kind": "TypeDecl",
        "name": "CashierHelper",
        "printedName": "CashierHelper",
        "children": [
          {
            "kind": "TypeDecl",
            "name": "CashierAbility",
            "printedName": "CashierAbility",
            "children": [
              {
                "kind": "Var",
                "name": "qr",
                "printedName": "qr",
                "children": [
                  {
                    "kind": "TypeFunc",
                    "name": "Function",
                    "printedName": "(NuveiCashierHelper.CashierHelper.CashierAbility.Type) -> NuveiCashierHelper.CashierHelper.CashierAbility",
                    "children": [
                      {
                        "kind": "TypeNominal",
                        "name": "CashierAbility",
                        "printedName": "NuveiCashierHelper.CashierHelper.CashierAbility",
                        "usr": "s:18NuveiCashierHelper0bC0C0B7AbilityO"
                      },
                      {
                        "kind": "TypeNominal",
                        "name": "Metatype",
                        "printedName": "NuveiCashierHelper.CashierHelper.CashierAbility.Type",
                        "children": [
                          {
                            "kind": "TypeNominal",
                            "name": "CashierAbility",
                            "printedName": "NuveiCashierHelper.CashierHelper.CashierAbility",
                            "usr": "s:18NuveiCashierHelper0bC0C0B7AbilityO"
                          }
                        ]
                      }
                    ]
                  }
                ],
                "declKind": "EnumElement",
                "usr": "s:18NuveiCashierHelper0bC0C0B7AbilityO2qryA2EmF",
                "mangledName": "$s18NuveiCashierHelper0bC0C0B7AbilityO2qryA2EmF",
                "moduleName": "NuveiCashierHelper"
              },
              {
                "kind": "Var",
                "name": "card",
                "printedName": "card",
                "children": [
                  {
                    "kind": "TypeFunc",
                    "name": "Function",
                    "printedName": "(NuveiCashierHelper.CashierHelper.CashierAbility.Type) -> NuveiCashierHelper.CashierHelper.CashierAbility",
                    "children": [
                      {
                        "kind": "TypeNominal",
                        "name": "CashierAbility",
                        "printedName": "NuveiCashierHelper.CashierHelper.CashierAbility",
                        "usr": "s:18NuveiCashierHelper0bC0C0B7AbilityO"
                      },
                      {
                        "kind": "TypeNominal",
                        "name": "Metatype",
                        "printedName": "NuveiCashierHelper.CashierHelper.CashierAbility.Type",
                        "children": [
                          {
                            "kind": "TypeNominal",
                            "name": "CashierAbility",
                            "printedName": "NuveiCashierHelper.CashierHelper.CashierAbility",
                            "usr": "s:18NuveiCashierHelper0bC0C0B7AbilityO"
                          }
                        ]
                      }
                    ]
                  }
                ],
                "declKind": "EnumElement",
                "usr": "s:18NuveiCashierHelper0bC0C0B7AbilityO4cardyA2EmF",
                "mangledName": "$s18NuveiCashierHelper0bC0C0B7AbilityO4cardyA2EmF",
                "moduleName": "NuveiCashierHelper"
              },
              {
                "kind": "Var",
                "name": "title",
                "printedName": "title",
                "children": [
                  {
                    "kind": "TypeNominal",
                    "name": "String",
                    "printedName": "Swift.String",
                    "usr": "s:SS"
                  }
                ],
                "declKind": "Var",
                "usr": "s:18NuveiCashierHelper0bC0C0B7AbilityO5titleSSvp",
                "mangledName": "$s18NuveiCashierHelper0bC0C0B7AbilityO5titleSSvp",
                "moduleName": "NuveiCashierHelper",
                "declAttributes": [
                  "AccessControl"
                ],
                "accessors": [
                  {
                    "kind": "Accessor",
                    "name": "Get",
                    "printedName": "Get()",
                    "children": [
                      {
                        "kind": "TypeNominal",
                        "name": "String",
                        "printedName": "Swift.String",
                        "usr": "s:SS"
                      }
                    ],
                    "declKind": "Accessor",
                    "usr": "s:18NuveiCashierHelper0bC0C0B7AbilityO5titleSSvg",
                    "mangledName": "$s18NuveiCashierHelper0bC0C0B7AbilityO5titleSSvg",
                    "moduleName": "NuveiCashierHelper",
                    "accessorKind": "get"
                  }
                ]
              },
              {
                "kind": "Function",
                "name": "==",
                "printedName": "==(_:_:)",
                "children": [
                  {
                    "kind": "TypeNominal",
                    "name": "Bool",
                    "printedName": "Swift.Bool",
                    "usr": "s:Sb"
                  },
                  {
                    "kind": "TypeNominal",
                    "name": "CashierAbility",
                    "printedName": "NuveiCashierHelper.CashierHelper.CashierAbility",
                    "usr": "s:18NuveiCashierHelper0bC0C0B7AbilityO"
                  },
                  {
                    "kind": "TypeNominal",
                    "name": "CashierAbility",
                    "printedName": "NuveiCashierHelper.CashierHelper.CashierAbility",
                    "usr": "s:18NuveiCashierHelper0bC0C0B7AbilityO"
                  }
                ],
                "declKind": "Func",
                "usr": "s:18NuveiCashierHelper0bC0C0B7AbilityO2eeoiySbAE_AEtFZ",
                "mangledName": "$s18NuveiCashierHelper0bC0C0B7AbilityO2eeoiySbAE_AEtFZ",
                "moduleName": "NuveiCashierHelper",
                "static": true,
                "implicit": true,
                "funcSelfKind": "NonMutating"
              },
              {
                "kind": "Var",
                "name": "hashValue",
                "printedName": "hashValue",
                "children": [
                  {
                    "kind": "TypeNominal",
                    "name": "Int",
                    "printedName": "Swift.Int",
                    "usr": "s:Si"
                  }
                ],
                "declKind": "Var",
                "usr": "s:18NuveiCashierHelper0bC0C0B7AbilityO9hashValueSivp",
                "mangledName": "$s18NuveiCashierHelper0bC0C0B7AbilityO9hashValueSivp",
                "moduleName": "NuveiCashierHelper",
                "implicit": true,
                "accessors": [
                  {
                    "kind": "Accessor",
                    "name": "Get",
                    "printedName": "Get()",
                    "children": [
                      {
                        "kind": "TypeNominal",
                        "name": "Int",
                        "printedName": "Swift.Int",
                        "usr": "s:Si"
                      }
                    ],
                    "declKind": "Accessor",
                    "usr": "s:18NuveiCashierHelper0bC0C0B7AbilityO9hashValueSivg",
                    "mangledName": "$s18NuveiCashierHelper0bC0C0B7AbilityO9hashValueSivg",
                    "moduleName": "NuveiCashierHelper",
                    "implicit": true,
                    "accessorKind": "get"
                  }
                ]
              },
              {
                "kind": "Function",
                "name": "hash",
                "printedName": "hash(into:)",
                "children": [
                  {
                    "kind": "TypeNominal",
                    "name": "Void",
                    "printedName": "()"
                  },
                  {
                    "kind": "TypeNominal",
                    "name": "Hasher",
                    "printedName": "Swift.Hasher",
                    "paramValueOwnership": "InOut",
                    "usr": "s:s6HasherV"
                  }
                ],
                "declKind": "Func",
                "usr": "s:18NuveiCashierHelper0bC0C0B7AbilityO4hash4intoys6HasherVz_tF",
                "mangledName": "$s18NuveiCashierHelper0bC0C0B7AbilityO4hash4intoys6HasherVz_tF",
                "moduleName": "NuveiCashierHelper",
                "implicit": true,
                "funcSelfKind": "NonMutating"
              }
            ],
            "declKind": "Enum",
            "usr": "s:18NuveiCashierHelper0bC0C0B7AbilityO",
            "mangledName": "$s18NuveiCashierHelper0bC0C0B7AbilityO",
            "moduleName": "NuveiCashierHelper",
            "declAttributes": [
              "AccessControl"
            ],
            "conformances": [
              {
                "kind": "Conformance",
                "name": "Equatable",
                "printedName": "Equatable",
                "usr": "s:SQ",
                "mangledName": "$sSQ"
              },
              {
                "kind": "Conformance",
                "name": "Hashable",
                "printedName": "Hashable",
                "usr": "s:SH",
                "mangledName": "$sSH"
              }
            ]
          },
          {
            "kind": "Function",
            "name": "setCashierBackButtonClicked",
            "printedName": "setCashierBackButtonClicked(callback:)",
            "children": [
              {
                "kind": "TypeNominal",
                "name": "Void",
                "printedName": "()"
              },
              {
                "kind": "TypeNominal",
                "name": "Optional",
                "printedName": "(() -> ())?",
                "children": [
                  {
                    "kind": "TypeFunc",
                    "name": "Function",
                    "printedName": "() -> ()",
                    "children": [
                      {
                        "kind": "TypeNominal",
                        "name": "Void",
                        "printedName": "()"
                      },
                      {
                        "kind": "TypeNominal",
                        "name": "Void",
                        "printedName": "()"
                      }
                    ]
                  }
                ],
                "usr": "s:Sq"
              }
            ],
            "declKind": "Func",
            "usr": "s:18NuveiCashierHelper0bC0C03setB17BackButtonClicked8callbackyyycSg_tFZ",
            "mangledName": "$s18NuveiCashierHelper0bC0C03setB17BackButtonClicked8callbackyyycSg_tFZ",
            "moduleName": "NuveiCashierHelper",
            "static": true,
            "declAttributes": [
              "Final",
              "AccessControl"
            ],
            "funcSelfKind": "NonMutating"
          },
          {
            "kind": "Function",
            "name": "versionNumber",
            "printedName": "versionNumber()",
            "children": [
              {
                "kind": "TypeNominal",
                "name": "String",
                "printedName": "Swift.String",
                "usr": "s:SS"
              }
            ],
            "declKind": "Func",
            "usr": "s:18NuveiCashierHelper0bC0C13versionNumberSSyFZ",
            "mangledName": "$s18NuveiCashierHelper0bC0C13versionNumberSSyFZ",
            "moduleName": "NuveiCashierHelper",
            "static": true,
            "declAttributes": [
              "Final",
              "AccessControl"
            ],
            "funcSelfKind": "NonMutating"
          },
          {
            "kind": "Function",
            "name": "update",
            "printedName": "update(url:with:)",
            "children": [
              {
                "kind": "TypeNominal",
                "name": "String",
                "printedName": "Swift.String",
                "usr": "s:SS"
              },
              {
                "kind": "TypeNominal",
                "name": "String",
                "printedName": "Swift.String",
                "usr": "s:SS"
              },
              {
                "kind": "TypeNominal",
                "name": "Array",
                "printedName": "[NuveiCashierHelper.CashierHelper.CashierAbility]",
                "children": [
                  {
                    "kind": "TypeNominal",
                    "name": "CashierAbility",
                    "printedName": "NuveiCashierHelper.CashierHelper.CashierAbility",
                    "usr": "s:18NuveiCashierHelper0bC0C0B7AbilityO"
                  }
                ],
                "usr": "s:Sa"
              }
            ],
            "declKind": "Func",
            "usr": "s:18NuveiCashierHelper0bC0C6update3url4withS2S_SayAC0B7AbilityOGtKFZ",
            "mangledName": "$s18NuveiCashierHelper0bC0C6update3url4withS2S_SayAC0B7AbilityOGtKFZ",
            "moduleName": "NuveiCashierHelper",
            "static": true,
            "declAttributes": [
              "Final",
              "AccessControl"
            ],
            "throwing": true,
            "funcSelfKind": "NonMutating"
          },
          {
            "kind": "Function",
            "name": "connect",
            "printedName": "connect(to:viewController:locale:)",
            "children": [
              {
                "kind": "TypeNominal",
                "name": "Void",
                "printedName": "()"
              },
              {
                "kind": "TypeNominal",
                "name": "WKWebView",
                "printedName": "WebKit.WKWebView",
                "usr": "c:objc(cs)WKWebView"
              },
              {
                "kind": "TypeNominal",
                "name": "UIViewController",
                "printedName": "UIKit.UIViewController",
                "usr": "c:objc(cs)UIViewController"
              },
              {
                "kind": "TypeNominal",
                "name": "Optional",
                "printedName": "Swift.String?",
                "children": [
                  {
                    "kind": "TypeNominal",
                    "name": "String",
                    "printedName": "Swift.String",
                    "usr": "s:SS"
                  }
                ],
                "hasDefaultArg": true,
                "usr": "s:Sq"
              }
            ],
            "declKind": "Func",
            "usr": "s:18NuveiCashierHelper0bC0C7connect2to14viewController6localeySo9WKWebViewC_So06UIViewG0CSSSgtFZ",
            "mangledName": "$s18NuveiCashierHelper0bC0C7connect2to14viewController6localeySo9WKWebViewC_So06UIViewG0CSSSgtFZ",
            "moduleName": "NuveiCashierHelper",
            "static": true,
            "declAttributes": [
              "Final",
              "AccessControl"
            ],
            "funcSelfKind": "NonMutating"
          },
          {
            "kind": "Function",
            "name": "handleURL",
            "printedName": "handleURL(_:)",
            "children": [
              {
                "kind": "TypeNominal",
                "name": "Bool",
                "printedName": "Swift.Bool",
                "usr": "s:Sb"
              },
              {
                "kind": "TypeNominal",
                "name": "String",
                "printedName": "Swift.String",
                "usr": "s:SS"
              }
            ],
            "declKind": "Func",
            "usr": "s:18NuveiCashierHelper0bC0C9handleURLySbSSKFZ",
            "mangledName": "$s18NuveiCashierHelper0bC0C9handleURLySbSSKFZ",
            "moduleName": "NuveiCashierHelper",
            "static": true,
            "declAttributes": [
              "Final",
              "AccessControl",
              "DiscardableResult"
            ],
            "throwing": true,
            "funcSelfKind": "NonMutating"
          },
          {
            "kind": "Function",
            "name": "getAvailableLocale",
            "printedName": "getAvailableLocale()",
            "children": [
              {
                "kind": "TypeNominal",
                "name": "Array",
                "printedName": "[Swift.String]",
                "children": [
                  {
                    "kind": "TypeNominal",
                    "name": "String",
                    "printedName": "Swift.String",
                    "usr": "s:SS"
                  }
                ],
                "usr": "s:Sa"
              }
            ],
            "declKind": "Func",
            "usr": "s:18NuveiCashierHelper0bC0C18getAvailableLocaleSaySSGyF",
            "mangledName": "$s18NuveiCashierHelper0bC0C18getAvailableLocaleSaySSGyF",
            "moduleName": "NuveiCashierHelper",
            "declAttributes": [
              "AccessControl"
            ],
            "funcSelfKind": "NonMutating"
          },
          {
            "kind": "Constructor",
            "name": "init",
            "printedName": "init()",
            "children": [
              {
                "kind": "TypeNominal",
                "name": "CashierHelper",
                "printedName": "NuveiCashierHelper.CashierHelper",
                "usr": "c:@M@NuveiCashierHelper@objc(cs)CashierHelper"
              }
            ],
            "declKind": "Constructor",
            "usr": "c:@M@NuveiCashierHelper@objc(cs)CashierHelper(im)init",
            "mangledName": "$s18NuveiCashierHelper0bC0CACycfc",
            "moduleName": "NuveiCashierHelper",
            "overriding": true,
            "implicit": true,
            "objc_name": "init",
            "declAttributes": [
              "Dynamic",
              "ObjC",
              "Override"
            ],
            "init_kind": "Designated"
          }
        ],
        "declKind": "Class",
        "usr": "c:@M@NuveiCashierHelper@objc(cs)CashierHelper",
        "mangledName": "$s18NuveiCashierHelper0bC0C",
        "moduleName": "NuveiCashierHelper",
        "declAttributes": [
          "AccessControl",
          "ObjC"
        ],
        "superclassUsr": "c:objc(cs)NSObject",
        "inheritsConvenienceInitializers": true,
        "superclassNames": [
          "ObjectiveC.NSObject"
        ],
        "conformances": [
          {
            "kind": "Conformance",
            "name": "Equatable",
            "printedName": "Equatable",
            "usr": "s:SQ",
            "mangledName": "$sSQ"
          },
          {
            "kind": "Conformance",
            "name": "Hashable",
            "printedName": "Hashable",
            "usr": "s:SH",
            "mangledName": "$sSH"
          },
          {
            "kind": "Conformance",
            "name": "CVarArg",
            "printedName": "CVarArg",
            "usr": "s:s7CVarArgP",
            "mangledName": "$ss7CVarArgP"
          },
          {
            "kind": "Conformance",
            "name": "_KeyValueCodingAndObservingPublishing",
            "printedName": "_KeyValueCodingAndObservingPublishing",
            "usr": "s:10Foundation37_KeyValueCodingAndObservingPublishingP",
            "mangledName": "$s10Foundation37_KeyValueCodingAndObservingPublishingP"
          },
          {
            "kind": "Conformance",
            "name": "_KeyValueCodingAndObserving",
            "printedName": "_KeyValueCodingAndObserving",
            "usr": "s:10Foundation27_KeyValueCodingAndObservingP",
            "mangledName": "$s10Foundation27_KeyValueCodingAndObservingP"
          },
          {
            "kind": "Conformance",
            "name": "CustomStringConvertible",
            "printedName": "CustomStringConvertible",
            "usr": "s:s23CustomStringConvertibleP",
            "mangledName": "$ss23CustomStringConvertibleP"
          },
          {
            "kind": "Conformance",
            "name": "CustomDebugStringConvertible",
            "printedName": "CustomDebugStringConvertible",
            "usr": "s:s28CustomDebugStringConvertibleP",
            "mangledName": "$ss28CustomDebugStringConvertibleP"
          }
        ]
      },
      {
        "kind": "TypeDecl",
        "name": "NuveiCashierHelperError",
        "printedName": "NuveiCashierHelperError",
        "children": [
          {
            "kind": "Var",
            "name": "notInitialized",
            "printedName": "notInitialized",
            "children": [
              {
                "kind": "TypeFunc",
                "name": "Function",
                "printedName": "(NuveiCashierHelper.NuveiCashierHelperError.Type) -> NuveiCashierHelper.NuveiCashierHelperError",
                "children": [
                  {
                    "kind": "TypeNominal",
                    "name": "NuveiCashierHelperError",
                    "printedName": "NuveiCashierHelper.NuveiCashierHelperError",
                    "usr": "s:18NuveiCashierHelper0abC5ErrorO"
                  },
                  {
                    "kind": "TypeNominal",
                    "name": "Metatype",
                    "printedName": "NuveiCashierHelper.NuveiCashierHelperError.Type",
                    "children": [
                      {
                        "kind": "TypeNominal",
                        "name": "NuveiCashierHelperError",
                        "printedName": "NuveiCashierHelper.NuveiCashierHelperError",
                        "usr": "s:18NuveiCashierHelper0abC5ErrorO"
                      }
                    ]
                  }
                ]
              }
            ],
            "declKind": "EnumElement",
            "usr": "s:18NuveiCashierHelper0abC5ErrorO14notInitializedyA2CmF",
            "mangledName": "$s18NuveiCashierHelper0abC5ErrorO14notInitializedyA2CmF",
            "moduleName": "NuveiCashierHelper"
          },
          {
            "kind": "Var",
            "name": "wrongInput",
            "printedName": "wrongInput",
            "children": [
              {
                "kind": "TypeFunc",
                "name": "Function",
                "printedName": "(NuveiCashierHelper.NuveiCashierHelperError.Type) -> (Swift.String) -> NuveiCashierHelper.NuveiCashierHelperError",
                "children": [
                  {
                    "kind": "TypeFunc",
                    "name": "Function",
                    "printedName": "(Swift.String) -> NuveiCashierHelper.NuveiCashierHelperError",
                    "children": [
                      {
                        "kind": "TypeNominal",
                        "name": "NuveiCashierHelperError",
                        "printedName": "NuveiCashierHelper.NuveiCashierHelperError",
                        "usr": "s:18NuveiCashierHelper0abC5ErrorO"
                      },
                      {
                        "kind": "TypeNominal",
                        "name": "String",
                        "printedName": "Swift.String",
                        "usr": "s:SS"
                      }
                    ]
                  },
                  {
                    "kind": "TypeNominal",
                    "name": "Metatype",
                    "printedName": "NuveiCashierHelper.NuveiCashierHelperError.Type",
                    "children": [
                      {
                        "kind": "TypeNominal",
                        "name": "NuveiCashierHelperError",
                        "printedName": "NuveiCashierHelper.NuveiCashierHelperError",
                        "usr": "s:18NuveiCashierHelper0abC5ErrorO"
                      }
                    ]
                  }
                ]
              }
            ],
            "declKind": "EnumElement",
            "usr": "s:18NuveiCashierHelper0abC5ErrorO10wrongInputyACSScACmF",
            "mangledName": "$s18NuveiCashierHelper0abC5ErrorO10wrongInputyACSScACmF",
            "moduleName": "NuveiCashierHelper"
          }
        ],
        "declKind": "Enum",
        "usr": "s:18NuveiCashierHelper0abC5ErrorO",
        "mangledName": "$s18NuveiCashierHelper0abC5ErrorO",
        "moduleName": "NuveiCashierHelper",
        "declAttributes": [
          "AccessControl"
        ],
        "conformances": [
          {
            "kind": "Conformance",
            "name": "Error",
            "printedName": "Error",
            "usr": "s:s5ErrorP",
            "mangledName": "$ss5ErrorP"
          },
          {
            "kind": "Conformance",
            "name": "Sendable",
            "printedName": "Sendable",
            "usr": "s:s8SendableP",
            "mangledName": "$ss8SendableP"
          }
        ]
      },
      {
        "kind": "Import",
        "name": "Foundation",
        "printedName": "Foundation",
        "declKind": "Import",
        "moduleName": "NuveiCashierHelper",
        "declAttributes": [
          "RawDocComment"
        ]
      },
      {
        "kind": "Import",
        "name": "AVKit",
        "printedName": "AVKit",
        "declKind": "Import",
        "moduleName": "NuveiCashierHelper"
      },
      {
        "kind": "Import",
        "name": "Vision",
        "printedName": "Vision",
        "declKind": "Import",
        "moduleName": "NuveiCashierHelper"
      },
      {
        "kind": "Import",
        "name": "VisionKit",
        "printedName": "VisionKit",
        "declKind": "Import",
        "moduleName": "NuveiCashierHelper"
      }
    ],
    "json_format_version": 8
  },
  "ConstValues": [
    {
      "filePath": "\/Users\/michaelkessler\/Projects\/Nuvei\/NuveiCashierHelper\/NuveiCashierHelper-iOS-Source\/NuveiCashierHelper\/CreditCard.swift",
      "kind": "IntegerLiteral",
      "offset": 5834,
      "length": 1,
      "value": "4"
    },
    {
      "filePath": "\/Users\/michaelkessler\/Projects\/Nuvei\/NuveiCashierHelper\/NuveiCashierHelper-iOS-Source\/NuveiCashierHelper\/CreditCard.swift",
      "kind": "StringLiteral",
      "offset": 5865,
      "length": 3,
      "value": "\" \""
    },
    {
      "filePath": "\/Users\/michaelkessler\/Projects\/Nuvei\/NuveiCashierHelper\/NuveiCashierHelper-iOS-Source\/NuveiCashierHelper\/CashierHelper.swift",
      "kind": "StringLiteral",
      "offset": 1011,
      "length": 5,
      "value": "\"3.3\""
    },
    {
      "filePath": "\/Users\/michaelkessler\/Projects\/Nuvei\/NuveiCashierHelper\/NuveiCashierHelper-iOS-Source\/NuveiCashierHelper\/CashierHelper.swift",
      "kind": "Array",
      "offset": 1047,
      "length": 164,
      "value": "[\"devmobile.sccdev-qa.com\", \"apmtest.gate2shop.com\", \"ppp-test.safecharge.com\", \"secure.safecharge.com\"]"
    },
    {
      "filePath": "\/Users\/michaelkessler\/Projects\/Nuvei\/NuveiCashierHelper\/NuveiCashierHelper-iOS-Source\/NuveiCashierHelper\/CashierHelper.swift",
      "kind": "StringLiteral",
      "offset": 1721,
      "length": 2,
      "value": "\"\""
    },
    {
      "filePath": "\/Users\/michaelkessler\/Projects\/Nuvei\/NuveiCashierHelper\/NuveiCashierHelper-iOS-Source\/NuveiCashierHelper\/CashierHelper.swift",
      "kind": "BooleanLiteral",
      "offset": 2033,
      "length": 5,
      "value": "false"
    },
    {
      "filePath": "\/Users\/michaelkessler\/Projects\/Nuvei\/NuveiCashierHelper\/NuveiCashierHelper-iOS-Source\/NuveiCashierHelper\/CardReaderViewController.swift",
      "kind": "FloatLiteral",
      "offset": 315,
      "length": 5,
      "value": "5.397"
    },
    {
      "filePath": "\/Users\/michaelkessler\/Projects\/Nuvei\/NuveiCashierHelper\/NuveiCashierHelper-iOS-Source\/NuveiCashierHelper\/CardReaderViewController.swift",
      "kind": "FloatLiteral",
      "offset": 323,
      "length": 4,
      "value": "8.56"
    },
    {
      "filePath": "\/Users\/michaelkessler\/Projects\/Nuvei\/NuveiCashierHelper\/NuveiCashierHelper-iOS-Source\/NuveiCashierHelper\/CardReaderViewController.swift",
      "kind": "IntegerLiteral",
      "offset": 941,
      "length": 1,
      "value": "0"
    },
    {
      "filePath": "\/Users\/michaelkessler\/Projects\/Nuvei\/NuveiCashierHelper\/NuveiCashierHelper-iOS-Source\/NuveiCashierHelper\/CardReaderViewController.swift",
      "kind": "StringLiteral",
      "offset": 3061,
      "length": 12,
      "value": "\"Found Rect\""
    },
    {
      "filePath": "\/Users\/michaelkessler\/Projects\/Nuvei\/NuveiCashierHelper\/NuveiCashierHelper-iOS-Source\/NuveiCashierHelper\/CardReaderViewController.swift",
      "kind": "StringLiteral",
      "offset": 3113,
      "length": 12,
      "value": "\"Found Text\""
    },
    {
      "filePath": "\/Users\/michaelkessler\/Projects\/Nuvei\/NuveiCashierHelper\/NuveiCashierHelper-iOS-Source\/NuveiCashierHelper\/CardReaderViewController.swift",
      "kind": "BooleanLiteral",
      "offset": 3271,
      "length": 5,
      "value": "false"
    },
    {
      "filePath": "\/Users\/michaelkessler\/Projects\/Nuvei\/NuveiCashierHelper\/NuveiCashierHelper-iOS-Source\/NuveiCashierHelper\/CardReaderViewController.swift",
      "kind": "FloatLiteral",
      "offset": 23293,
      "length": 3,
      "value": "0.3"
    },
    {
      "filePath": "\/Users\/michaelkessler\/Projects\/Nuvei\/NuveiCashierHelper\/NuveiCashierHelper-iOS-Source\/NuveiCashierHelper\/CardReaderViewController.swift",
      "kind": "IntegerLiteral",
      "offset": 23346,
      "length": 1,
      "value": "0"
    },
    {
      "filePath": "\/Users\/michaelkessler\/Projects\/Nuvei\/NuveiCashierHelper\/NuveiCashierHelper-iOS-Source\/NuveiCashierHelper\/CardReaderViewController.swift",
      "kind": "BooleanLiteral",
      "offset": 23417,
      "length": 5,
      "value": "false"
    },
    {
      "filePath": "\/Users\/michaelkessler\/Projects\/Nuvei\/NuveiCashierHelper\/NuveiCashierHelper-iOS-Source\/NuveiCashierHelper\/CardReaderViewController.swift",
      "kind": "BooleanLiteral",
      "offset": 23503,
      "length": 4,
      "value": "true"
    },
    {
      "filePath": "\/Users\/michaelkessler\/Projects\/Nuvei\/NuveiCashierHelper\/NuveiCashierHelper-iOS-Source\/NuveiCashierHelper\/CardReaderViewController.swift",
      "kind": "BooleanLiteral",
      "offset": 23590,
      "length": 4,
      "value": "true"
    },
    {
      "filePath": "\/Users\/michaelkessler\/Projects\/Nuvei\/NuveiCashierHelper\/NuveiCashierHelper-iOS-Source\/NuveiCashierHelper\/CardReaderViewController.swift",
      "kind": "BooleanLiteral",
      "offset": 23667,
      "length": 4,
      "value": "true"
    },
    {
      "filePath": "\/Users\/michaelkessler\/Projects\/Nuvei\/NuveiCashierHelper\/NuveiCashierHelper-iOS-Source\/NuveiCashierHelper\/CardReaderViewController.swift",
      "kind": "BooleanLiteral",
      "offset": 23750,
      "length": 4,
      "value": "true"
    },
    {
      "filePath": "\/Users\/michaelkessler\/Projects\/Nuvei\/NuveiCashierHelper\/NuveiCashierHelper-iOS-Source\/NuveiCashierHelper\/CardReaderViewController.swift",
      "kind": "BooleanLiteral",
      "offset": 24036,
      "length": 5,
      "value": "false"
    },
    {
      "filePath": "\/Users\/michaelkessler\/Projects\/Nuvei\/NuveiCashierHelper\/NuveiCashierHelper-iOS-Source\/NuveiCashierHelper\/CardReaderViewController.swift",
      "kind": "IntegerLiteral",
      "offset": 24121,
      "length": 2,
      "value": "10"
    },
    {
      "filePath": "\/Users\/michaelkessler\/Projects\/Nuvei\/NuveiCashierHelper\/NuveiCashierHelper-iOS-Source\/NuveiCashierHelper\/CardReaderViewController.swift",
      "kind": "BooleanLiteral",
      "offset": 24136,
      "length": 4,
      "value": "true"
    },
    {
      "filePath": "\/Users\/michaelkessler\/Projects\/Nuvei\/NuveiCashierHelper\/NuveiCashierHelper-iOS-Source\/NuveiCashierHelper\/CardReaderViewController.swift",
      "kind": "IntegerLiteral",
      "offset": 24222,
      "length": 3,
      "value": "-10"
    },
    {
      "filePath": "\/Users\/michaelkessler\/Projects\/Nuvei\/NuveiCashierHelper\/NuveiCashierHelper-iOS-Source\/NuveiCashierHelper\/CardReaderViewController.swift",
      "kind": "BooleanLiteral",
      "offset": 24238,
      "length": 4,
      "value": "true"
    },
    {
      "filePath": "\/Users\/michaelkessler\/Projects\/Nuvei\/NuveiCashierHelper\/NuveiCashierHelper-iOS-Source\/NuveiCashierHelper\/CardReaderViewController.swift",
      "kind": "BooleanLiteral",
      "offset": 24323,
      "length": 4,
      "value": "true"
    },
    {
      "filePath": "\/Users\/michaelkessler\/Projects\/Nuvei\/NuveiCashierHelper\/NuveiCashierHelper-iOS-Source\/NuveiCashierHelper\/CardReaderViewController.swift",
      "kind": "BooleanLiteral",
      "offset": 24436,
      "length": 4,
      "value": "true"
    },
    {
      "filePath": "\/Users\/michaelkessler\/Projects\/Nuvei\/NuveiCashierHelper\/NuveiCashierHelper-iOS-Source\/NuveiCashierHelper\/CardReaderViewController.swift",
      "kind": "FloatLiteral",
      "offset": 24657,
      "length": 3,
      "value": "0.8"
    },
    {
      "filePath": "\/Users\/michaelkessler\/Projects\/Nuvei\/NuveiCashierHelper\/NuveiCashierHelper-iOS-Source\/NuveiCashierHelper\/CardReaderViewController.swift",
      "kind": "BooleanLiteral",
      "offset": 24832,
      "length": 5,
      "value": "false"
    },
    {
      "filePath": "\/Users\/michaelkessler\/Projects\/Nuvei\/NuveiCashierHelper\/NuveiCashierHelper-iOS-Source\/NuveiCashierHelper\/CardReaderViewController.swift",
      "kind": "IntegerLiteral",
      "offset": 24919,
      "length": 3,
      "value": "-10"
    },
    {
      "filePath": "\/Users\/michaelkessler\/Projects\/Nuvei\/NuveiCashierHelper\/NuveiCashierHelper-iOS-Source\/NuveiCashierHelper\/CardReaderViewController.swift",
      "kind": "BooleanLiteral",
      "offset": 24935,
      "length": 4,
      "value": "true"
    },
    {
      "filePath": "\/Users\/michaelkessler\/Projects\/Nuvei\/NuveiCashierHelper\/NuveiCashierHelper-iOS-Source\/NuveiCashierHelper\/CardReaderViewController.swift",
      "kind": "IntegerLiteral",
      "offset": 25011,
      "length": 2,
      "value": "10"
    },
    {
      "filePath": "\/Users\/michaelkessler\/Projects\/Nuvei\/NuveiCashierHelper\/NuveiCashierHelper-iOS-Source\/NuveiCashierHelper\/CardReaderViewController.swift",
      "kind": "BooleanLiteral",
      "offset": 25026,
      "length": 4,
      "value": "true"
    },
    {
      "filePath": "\/Users\/michaelkessler\/Projects\/Nuvei\/NuveiCashierHelper\/NuveiCashierHelper-iOS-Source\/NuveiCashierHelper\/CardReaderViewController.swift",
      "kind": "BooleanLiteral",
      "offset": 25139,
      "length": 4,
      "value": "true"
    },
    {
      "filePath": "\/Users\/michaelkessler\/Projects\/Nuvei\/NuveiCashierHelper\/NuveiCashierHelper-iOS-Source\/NuveiCashierHelper\/CardReaderViewController.swift",
      "kind": "IntegerLiteral",
      "offset": 25199,
      "length": 3,
      "value": "160"
    },
    {
      "filePath": "\/Users\/michaelkessler\/Projects\/Nuvei\/NuveiCashierHelper\/NuveiCashierHelper-iOS-Source\/NuveiCashierHelper\/CardReaderViewController.swift",
      "kind": "BooleanLiteral",
      "offset": 25215,
      "length": 4,
      "value": "true"
    },
    {
      "filePath": "\/Users\/michaelkessler\/Projects\/Nuvei\/NuveiCashierHelper\/NuveiCashierHelper-iOS-Source\/NuveiCashierHelper\/CardReaderViewController.swift",
      "kind": "FloatLiteral",
      "offset": 25466,
      "length": 3,
      "value": "0.8"
    },
    {
      "filePath": "\/Users\/michaelkessler\/Projects\/Nuvei\/NuveiCashierHelper\/NuveiCashierHelper-iOS-Source\/NuveiCashierHelper\/CardReaderViewController.swift",
      "kind": "IntegerLiteral",
      "offset": 25622,
      "length": 1,
      "value": "0"
    },
    {
      "filePath": "\/Users\/michaelkessler\/Projects\/Nuvei\/NuveiCashierHelper\/NuveiCashierHelper-iOS-Source\/NuveiCashierHelper\/CardReaderViewController.swift",
      "kind": "BooleanLiteral",
      "offset": 25733,
      "length": 5,
      "value": "false"
    },
    {
      "filePath": "\/Users\/michaelkessler\/Projects\/Nuvei\/NuveiCashierHelper\/NuveiCashierHelper-iOS-Source\/NuveiCashierHelper\/CardReaderViewController.swift",
      "kind": "IntegerLiteral",
      "offset": 25818,
      "length": 2,
      "value": "10"
    },
    {
      "filePath": "\/Users\/michaelkessler\/Projects\/Nuvei\/NuveiCashierHelper\/NuveiCashierHelper-iOS-Source\/NuveiCashierHelper\/CardReaderViewController.swift",
      "kind": "BooleanLiteral",
      "offset": 25833,
      "length": 4,
      "value": "true"
    },
    {
      "filePath": "\/Users\/michaelkessler\/Projects\/Nuvei\/NuveiCashierHelper\/NuveiCashierHelper-iOS-Source\/NuveiCashierHelper\/CardReaderViewController.swift",
      "kind": "IntegerLiteral",
      "offset": 25932,
      "length": 2,
      "value": "10"
    },
    {
      "filePath": "\/Users\/michaelkessler\/Projects\/Nuvei\/NuveiCashierHelper\/NuveiCashierHelper-iOS-Source\/NuveiCashierHelper\/CardReaderViewController.swift",
      "kind": "BooleanLiteral",
      "offset": 25947,
      "length": 4,
      "value": "true"
    },
    {
      "filePath": "\/Users\/michaelkessler\/Projects\/Nuvei\/NuveiCashierHelper\/NuveiCashierHelper-iOS-Source\/NuveiCashierHelper\/CardReaderViewController.swift",
      "kind": "IntegerLiteral",
      "offset": 26029,
      "length": 2,
      "value": "20"
    },
    {
      "filePath": "\/Users\/michaelkessler\/Projects\/Nuvei\/NuveiCashierHelper\/NuveiCashierHelper-iOS-Source\/NuveiCashierHelper\/CardReaderViewController.swift",
      "kind": "BooleanLiteral",
      "offset": 26044,
      "length": 4,
      "value": "true"
    }
  ]
}